{"properties": [
  {
    "name": "spring.jpa.hibernate.dialect",
    "type": "java.lang.String",
    "description": "A description for 'spring.jpa.hibernate.dialect'"
  },
  {
    "name": "spring.datasource.db.driver",
    "type": "java.lang.String",
    "description": "A description for 'spring.datasource.db.driver'"
  },
  {
    "name": "spring.datasource.db.url",
    "type": "java.lang.String",
    "description": "A description for 'spring.datasource.db.url'"
  },
  {
    "name": "spring.datasource.db.username",
    "type": "java.lang.String",
    "description": "A description for 'spring.datasource.db.username'"
  },
  {
    "name": "spring.datasource.db.password",
    "type": "java.lang.String",
    "description": "A description for 'spring.datasource.db.password'"
  },
  {
    "name": "spring.datasource.driver",
    "type": "java.lang.String",
    "description": "A description for 'spring.datasource.driver'"
  },
  {
    "name": "entitymanager.packagesToScan",
    "type": "java.lang.String",
    "description": "A description for 'entitymanager.packagesToScan'"
  }
]}